{"trial_id": "2", "hyperparameters": {"space": [{"class_name": "Int", "config": {"name": "lstm_units1", "default": null, "conditions": [], "min_value": 50, "max_value": 200, "step": 50, "sampling": "linear"}}, {"class_name": "Float", "config": {"name": "dropout1", "default": 0.1, "conditions": [], "min_value": 0.1, "max_value": 0.5, "step": 0.1, "sampling": "linear"}}, {"class_name": "Int", "config": {"name": "lstm_units2", "default": null, "conditions": [], "min_value": 32, "max_value": 128, "step": 32, "sampling": "linear"}}, {"class_name": "Float", "config": {"name": "dropout2", "default": 0.1, "conditions": [], "min_value": 0.1, "max_value": 0.5, "step": 0.1, "sampling": "linear"}}, {"class_name": "Choice", "config": {"name": "learning_rate", "default": 0.001, "conditions": [], "values": [0.001, 0.0005], "ordered": true}}], "values": {"lstm_units1": 200, "dropout1": 0.4, "lstm_units2": 96, "dropout2": 0.5, "learning_rate": 0.0005}}, "metrics": {"metrics": {"loss": {"direction": "min", "observations": [{"value": [0.0016172003233805299], "step": 8}]}, "val_loss": {"direction": "min", "observations": [{"value": [0.0011445700656622648], "step": 8}]}}}, "score": 0.0011445700656622648, "best_step": 8, "status": "COMPLETED", "message": null}