{"trial_id": "0", "hyperparameters": {"space": [{"class_name": "Int", "config": {"name": "lstm_units1", "default": null, "conditions": [], "min_value": 50, "max_value": 200, "step": 50, "sampling": "linear"}}, {"class_name": "Float", "config": {"name": "dropout1", "default": 0.1, "conditions": [], "min_value": 0.1, "max_value": 0.5, "step": 0.1, "sampling": "linear"}}, {"class_name": "Int", "config": {"name": "lstm_units2", "default": null, "conditions": [], "min_value": 32, "max_value": 128, "step": 32, "sampling": "linear"}}, {"class_name": "Float", "config": {"name": "dropout2", "default": 0.1, "conditions": [], "min_value": 0.1, "max_value": 0.5, "step": 0.1, "sampling": "linear"}}, {"class_name": "Choice", "config": {"name": "learning_rate", "default": 0.001, "conditions": [], "values": [0.001, 0.0005], "ordered": true}}], "values": {"lstm_units1": 50, "dropout1": 0.2, "lstm_units2": 32, "dropout2": 0.1, "learning_rate": 0.0005}}, "metrics": {"metrics": {"loss": {"direction": "min", "observations": [{"value": [0.0011351729044690728], "step": 3}]}, "val_loss": {"direction": "min", "observations": [{"value": [0.0014523133868351579], "step": 3}]}}}, "score": 0.0014523133868351579, "best_step": 3, "status": "COMPLETED", "message": null}