{"trial_id": "1", "hyperparameters": {"space": [{"class_name": "Int", "config": {"name": "lstm_units1", "default": null, "conditions": [], "min_value": 50, "max_value": 200, "step": 50, "sampling": "linear"}}, {"class_name": "Float", "config": {"name": "dropout1", "default": 0.1, "conditions": [], "min_value": 0.1, "max_value": 0.5, "step": 0.1, "sampling": "linear"}}, {"class_name": "Int", "config": {"name": "lstm_units2", "default": null, "conditions": [], "min_value": 32, "max_value": 128, "step": 32, "sampling": "linear"}}, {"class_name": "Float", "config": {"name": "dropout2", "default": 0.1, "conditions": [], "min_value": 0.1, "max_value": 0.5, "step": 0.1, "sampling": "linear"}}, {"class_name": "Choice", "config": {"name": "learning_rate", "default": 0.001, "conditions": [], "values": [0.001, 0.0005], "ordered": true}}], "values": {"lstm_units1": 150, "dropout1": 0.5, "lstm_units2": 32, "dropout2": 0.30000000000000004, "learning_rate": 0.001}}, "metrics": {"metrics": {"loss": {"direction": "min", "observations": [{"value": [0.0020860640797764063], "step": 4}]}, "val_loss": {"direction": "min", "observations": [{"value": [0.001201954553835094], "step": 4}]}}}, "score": 0.001201954553835094, "best_step": 4, "status": "COMPLETED", "message": null}