{"ongoing_trials": {}, "hyperparameters": {"space": [{"class_name": "Int", "config": {"name": "lstm_units1", "default": null, "conditions": [], "min_value": 50, "max_value": 200, "step": 50, "sampling": "linear"}}, {"class_name": "Float", "config": {"name": "dropout1", "default": 0.1, "conditions": [], "min_value": 0.1, "max_value": 0.5, "step": 0.1, "sampling": "linear"}}, {"class_name": "Int", "config": {"name": "lstm_units2", "default": null, "conditions": [], "min_value": 32, "max_value": 128, "step": 32, "sampling": "linear"}}, {"class_name": "Float", "config": {"name": "dropout2", "default": 0.1, "conditions": [], "min_value": 0.1, "max_value": 0.5, "step": 0.1, "sampling": "linear"}}, {"class_name": "Choice", "config": {"name": "learning_rate", "default": 0.001, "conditions": [], "values": [0.001, 0.0005], "ordered": true}}], "values": {"lstm_units1": 50, "dropout1": 0.1, "lstm_units2": 32, "dropout2": 0.1, "learning_rate": 0.001}}, "start_order": ["0", "1", "2"], "end_order": ["0", "1", "2"], "run_times": {"0": 1, "1": 1, "2": 1}, "retry_queue": [], "seed": 8113, "seed_state": 8128, "tried_so_far": ["f733d838e4bae5fbe8c0b0ea871f3c49", "319b9ae7f818959a480dc32f3fd9885e", "e71ca695ff53131ab113d666d64a5da1"], "id_to_hash": {"0": "f733d838e4bae5fbe8c0b0ea871f3c49", "1": "319b9ae7f818959a480dc32f3fd9885e", "2": "e71ca695ff53131ab113d666d64a5da1"}, "display": {"search_start": "2025-08-10T19:57:28.293865", "trial_start": {"0": "2025-08-10T19:57:28.293865", "1": "2025-08-10T19:57:57.491535", "2": "2025-08-10T19:58:59.578532"}, "trial_number": {"0": 1, "1": 2, "2": 3}}}